model,created_at,total_duration,load_duration,prompt_eval_count,prompt_eval_duration,eval_count,eval_duration,prompt,article_text,response,thinking
qwen3.5:2b,2026-03-16T18:26:33.564380438Z,22263796265,1652121330,1540,227801445,2990,19269056672,"You are a tool designed to summarize articles. You will be given the full text of an article, and your task is to return 4 things:
A 1 sentence description of the article for indexing purposes (“description”). This should completely describe the subject of the article without going into too much detail.
A 2-3 paragraph summary of the article (“articleSummary”). You should aim to cover the content of the article as accurately and completely as possible without editorializing or overexplaining.
A list of 3-5 key points in the article (“points”). These should focus on the factual claims made in the article. Do not comment on the accuracy of the points, only report the direct claims made by the article.
A 2-3 sentence summary of any political and reporting bias apparent from the text of the article (“biasSummary”).

Output your response in the provided json schema.

JSON schema: {
    ""description"": str,
    ""articleSummary"": str,
    ""points"": list[str],
    ""biasSummary"": str
}
","It's a tie!

The Oscars on Sunday featured one of the only ties in the awards show's nearly 100-year history. In the category of best live-action short film, there were not one, but two winners: ""The Singers"" and ""Two People Exchanging Saliva.""

This was only the seventh tie ever at the Oscars, and the first in the live-action short category since 1995. The most recent Oscar tie was in 2013, when there were two winners in the category of sound editing: ""Skyfall"" and ""Zero Dark Thirty.""

Before that, the previous Oscar tie was in 1995, when there were two winners for the live-action short Oscar: ""Franz Kafka's It's a Wonderful Life"" and ""Trevor.""
Kumail Nanjiani attends the Oscars on March 15, 2026.
'I'm not joking,' says Kumail Nanjiani, announcing Oscars tie

The category was presented by Kumail Nanjiani, who, upon opening the envelope, announced, ""It's a tie. I'm not joking. It's actually a tie. So everyone, calm down, we're going to get through this.""
Need a news break? Check out the all new PLAY hub with puzzles, games and more!

The comedian went on to name ""The Singers,"" and its filmmakers came up to give a speech. He then named ""Two People Exchanging Saliva,"" and the winners from that short came up to give their own, separate speech.
Best (and worst) moments from the 2026 Oscars, from Conan to ‘Sinners’
Oscars 2026 red carpet – See every look from Kate Hudson to Michael B. Jordan
Oscars recap: 'One Battle' beats out 'Sinners' for best picture
Conan O'Brien makes jab at Kid Rock, Turning Point USA at Oscars
Who's best dressed on the Oscars red carpet — Kate Hudson or Nicole Kidman?
Meg Ryan, Billy Crystal get emotional in starry Rob Reiner Oscars tribute
See the full 2026 Oscars winners list, including best picture

""Ironic that the short film Oscar is going to take twice as long,"" Nanjiani quipped before setting up the second speech.

Host Conan O'Brien soon after returned to the stage to joke, ""I just want to say congratulations to both winners: You just ruined 22 million Oscar pools.""

Other previous Oscar ties have occurred in categories including best actor and best actress; in 1969, both Katharine Hepburn from ""The Lion in Winter"" and Barbra Streisand from ""Funny Girl"" received the Academy Award for best actress.
David Breschel, Mike Yung, Sam Davis and Jack Piatt accept the Oscar for best live action short film for ""The Singers"" during the Oscars on March 15, 2026.

There was also a best actor tie at the 1932 Oscars, between Fredric March from ""Dr. Jekyll and Mr. Hyde"" and Wallace Beery from ""The Champ."" The Academy notes, though, that this was not a true tie because March earned one more vote, but the rules dictated that a nominee would receive an award if they came within three votes of the actual winner. That rule has since been changed.

Mark Wahlberg presented the most recent Oscar tie in 2013, where he was joined by the animated character Ted, voiced by Seth MacFarlane. ""We have a tie,"" Wahlberg said at the time, drawing gasps. ""No BS. We have a tie.""
'The Singers,' 'Two People Exchanging Saliva' winners react to shocking Oscars tie

The Oscars may be a competition, but in the pressroom, ""The Singers"" and ""Two People Exchanging Saliva"" filmmakers were all smiles as they reflected on their shocking tie.

""For me, that was incredible,"" Jack Piatt, producer for ""The Singers,"" said. ""We got to know all the filmmakers in our category, so that was really special. I wish there could be a five-way tie, to be honest with you.""
Alexandre Singh and Natalie Musteata pose in the press room with the Oscar for best live action short film for ""Two People Exchanging Saliva"" on March 15, 2026.

""The Singers"" director Sam Davis added that it was an honor to tie, giving kudos to the ""Two People Exchanging Saliva.""

""I told them if we lost, I hope we lost to them, because I saw sort of how incredible their film was, and none of us could imagine what the outcome would be,"" Davis said. ""And certainly we didn’t imagine this.""

Natalie Musteata and Alexandre Singh, the directors of ""Two People Exchanging Saliva,"" were equally complimentary. ""We're also a little bit Oscar geeks, so we actually discussed that this could happen, but couldn’t possibly imagine,"" Singh said.
Full list of every Oscars tie in history

With Sunday's added into the pack, these are all the ties in the history of the Oscars to date:

    Best actor, 1932: Fredric March (""Dr. Jekyll and Mr. Hyde)"" and Wallace Beery (""The Champ"")
    Best documentary short subject, 1950: ""A Chance to Live"" and ""So Much for So Little""
    Best actress, 1969: Katharine Hepburn (""The Lion in Winter"") and Barbra Streisand (""Funny Girl"")
    Best documentary, 1987: ""Artie Shaw: Time Is All You've Got"" and ""Down and Out in America""
    Best live-action short, 1995: ""Franz Kafka's It's a Wonderful Life"" and ""Trevor""
    Best sound editing, 2013: ""Skyfall"" and ""Zero Dark Thirty""
    Best live-action short, 2026: ""The Singers"" and ""Two People Exchanging Saliva""

Contributing: Charles Trepany
","{
  ""description"": ""The article reports on the tie for the best live-action short film at the 2026 Academy Awards between 'The Singers' and 'Two People Exchanging Saliva'."",
  ""articleSummary"": ""The article reports that the 2026 Academy Awards on Sunday, March 15, 2026, featured a unique tie for the Best Live-Action Short Film category. Host Kumail Nanjiani announced the tie in a live envelope ceremony, with the two directors and winners giving separate speeches. The text notes that the directors of the winning films expressed surprise at the outcome, as the category had seen no ties since 1995. This marks the first time in over 10 years of the Oscars that the show was won by two different works."",
  ""points"": [
    ""The 2026 Academy Awards Best Live-Action Short Film category was won by 'The Singers' and 'Two People Exchanging Saliva' in a tie."",
    ""Kumail Nanjiani, the show's host, announced the award tie via a live envelope ceremony during the 2026 event."",
    ""The event marked the seventh tie in the Academy Awards' 100-year history."",
    ""The text lists specific ties from 1969 (Best Actress), 1995 (Short Film), 2013 (Best Sound Editing), and 2026."",
    ""Both directors mentioned specific reactions, with one noting the surprise of the result.""
  ],
  ""biasSummary"": ""The article presents the 2026 Oscar event as a neutral factual report focused on entertainment history. No political bias is evident as the content focuses on the results of the Best Live-Action Short Film category. The reporting remains balanced, citing both winners without editorializing about the outcome.""
}","Thinking Process:

1.  **Analyze the Request:**
    *   Input: A news article text about the 2026 Oscars tie for Best Live-Action Short Film.
    *   Task: Summarize the article into four specific components:
        *   `description`: 1 sentence description of the article for indexing.
        *   `articleSummary`: 2-3 paragraphs of the article summary.
        *   `points`: List of 3-5 key points in the article.
        *   `biasSummary`: 2-3 sentence summary of any political and reporting bias.
    *   Output Format: JSON.

2.  **Analyze the Input Text:**
    *   **Topic:** The 2026 Oscars tie for Best Live-Action Short Film.
    *   **Key Fact:** Two winners: ""The Singers"" (directors Sam Davis and Jack Piatt) and ""Two People Exchanging Saliva"" (directors Alexandre Singh and Natalie Musteata).
    *   **Historical Context:** This is the 7th tie in the show's 100-year history. First in the live-action short category since 1995.
    *   **Host/Announcement:** Kumail Nanjiani, announced via opening envelope.
    *   **Reactions:** Directors and winners spoke about the irony and excitement.
    *   **Other Ties Listed:** Best Actor (1932), Documentary Short (1950), Best Actress (1969), Documentary (1987), Sound Editing (2013).
    *   **Tone:** Lighthearted, celebratory, acknowledging the irony of the tie.
    *   **Note on Bias/Context:** The text is a standard news report citing specific claims from the article. However, I need to check if there are obvious political or reporting biases mentioned or implied. The text cites the Academy rules (vote count). One mention: ""The Academy notes, though, that this was not a true tie because March earned one more vote, but the rules dictated that a nominee would receive an award if they came within three votes of the actual winner."" This is context regarding previous ties. The text also notes ""Mark Wahlberg presented the most recent Oscar tie in 2013"".
    *   **Potential Bias:** There are none that are glaring. It's a factual news report. The ""biasSummary"" asks for political and reporting bias. Since this is a factual news report about an event, there shouldn't be significant bias in terms of political ideology. However, I need to look at how the text presents things (e.g., listing ""Sinners"" for best picture, ""The Singers"" as comedy).
    *   **Wait, check constraints:** The prompt asks for ""political and reporting bias"". If the text is neutral news, the bias summary should reflect that neutrality or potential lack thereof.
    *   **Description:** One sentence index.
    *   **ArticleSummary:** 2-3 paragraphs.
    *   **Points:** 3-5 factual claims.
    *   **BiasSummary:** 2-3 sentences on bias.

3.  **Drafting Components:**

    *   **Description:** The article reports on the tie between ""The Singers"" and ""Two People Exchanging Saliva"" for the best live-action short film at the 2026 Academy Awards.
    *   **ArticleSummary:**
        *   P1: Introduction to the 2026 Oscars tie event on Sunday, March 15, 2026. Host Kumail Nanjiani made an announcement. It was the first time since 1995 in the live-action short category that an award would be won by two different works.
        *   P2: Details the winners' names (""The Singers"" and ""Two People Exchanging Saliva"") and how they handled the announcement. The text mentions specific remarks by the directors and host.
        *   P3: Lists the broader context of the show's tie history, mentioning past ties like 1969, 1987, 2013, and the 1995 tie. The text ends with a list of all ties.
    *   **Points:**
        1.  There were two winners for the Best Live-Action Short Film category at the 2026 Oscars: ""The Singers"" and ""Two People Exchanging Saliva.""
        2.  Kumail Nanjiani, acting as the host, announced the tie via an envelope opening ceremony.
        3.  The 2026 tie marked the first occurrence in the live-action short category since 1995.
        4.  Previous Oscars ties included best live-action short (1995), best sound editing (2013), best actress (1969), and best documentary (1950), among others.
        5.  According to the text, David Breschel and others accepted the Oscar for best live action short film for ""The Singers.""
    *   **BiasSummary:**
        *   The text is primarily factual and neutral regarding the event itself.
        *   However, no explicit political or reporting bias is indicated as the focus is on entertainment news.
        *   Wait, is there bias? The text mentions ""The Singers"" and ""Two People Exchanging Saliva"" in a positive tone (""Incredible"").
        *   Let's check for potential bias. There is a mention of ""Mark Wahlberg presented the most recent Oscar tie in 2013"".
        *   Since the prompt asks for political and reporting bias, and there isn't obvious bias in a standard news report, I should state that the article appears largely neutral. However, sometimes ""biasSummary"" can include ""no significant bias apparent"".
        *   Let's re-read the prompt constraints. ""Any political and reporting bias"". If there's none, I should describe that carefully.
        *   Wait, looking closely at the text provided: It says ""This article"". The text *is* the article.
        *   Is there a hidden political angle? No.
        *   So the summary should state that no apparent political or reporting bias was detected.

    *   **Refining the ""points""**: I need to ensure they are factual claims *from* the article.
        1.  The article states ""The Singers"" and ""Two People Exchanging Saliva"" were the two winners for the Best Live-Action Short Film category at the 2026 Oscars.
        2.  Kumail Nanjiani announced the tie, and the two winners gave separate speeches.
        3.  The 2026 Oscars tied for the Best Live-Action Short Film was the seventh tie in the show's history.
        4.  The tie in the category was reported as the first one since 1995.
        5.  The text lists specific directors and names (David Breschel, Jack Piatt, Alexei, etc.).
        *   Let's stick to the 3-5 factual claims.

    *   **Refining the ""articleSummary""**: Needs 2-3 paragraphs.
        *   Para 1: Intro and Nanjiani's opening.
        *   Para 2: The specific details of the winners' speeches and context.
        *   Para 3: Historical context and tie history summary at the end.

    *   **Refining the ""points""**:
        1.  Best Live-Action Short Film winners: ""The Singers"" and ""Two People Exchanging Saliva.""
        2.  Kumail Nanjiani announced the tie live.
        3.  It was the seventh tie in the show's history.
        4.  Previous ties occurred in 1969 (Actress), 1995 (Short Film), 2013 (Sound Editing).
        5.  The directors expressed positive sentiment towards the tie.

    *   **Refining the ""biasSummary""**:
        *   Since the text is a standard entertainment news report citing specific winners and dates, it lacks significant political or reporting bias.
        *   However, the prompt asks for a summary of ""any... bias apparent from the text"". If I say ""no bias,"" that's accurate.
        *   Actually, looking at the instruction ""political and reporting bias"", if there is none, I should note that.
        *   Wait, is there any subtle bias? ""It's a tie!"" - ""No BS."" The text is celebratory.
        *   I will write a neutral summary about bias. ""The article reports standard news without discernible political bias."" Or better, summarize that no political or reporting bias is evident.
        *   Let's refine the bias summary to be specific if possible. ""The text primarily presents factual information regarding the 2026 Oscars tie without evidence of political slant.""

4.  **Final Review of JSON Schema:**
    *   `description`: str
    *   `articleSummary`: str
    *   `points`: list[str]
    *   `biasSummary`: str
    *   Ensure valid JSON.

5.  **Constructing the Output:**

    *   `description`: The article details the 2026 Academy Awards tie for the best live-action short film between two films: ""The Singers"" and ""Two People Exchanging Saliva.""
    *   `articleSummary`: The article reports that the 2026 Oscars on March 15, 2026, featured a tie for the Best Live-Action Short Film category. Host Kumail Nanjiani announced the tie in an opening envelope ceremony, with directors from both films giving their own speeches. This was the seventh tie in the history of the Academy Awards and the first since 1995 in the live-action short category. The article includes historical context on past ties from 1969, 1987, 2013, and 1995, highlighting how comedians and hosts reacted to the result.
    *   `points`: [""The category winners for the 2026 Best Live-Action Short Film were 'The Singers' and 'Two People Exchanging Saliva'."", ""Kumail Nanjiani announced the tie during the opening envelope ceremony."", ""The 2026 Oscars tie was the seventh in the Academy Awards' 100-year history."", ""The previous tie was in 1995 for Best Live-Action Short Film involving Franz Kafka's It's a Wonderful Life and Trevor."", ""Directors expressed that the outcome was surprising and honored their respective works.""] -> 5 points. Let's trim to 3-5.
    *   `biasSummary`: The text is primarily a factual news report with no discernible political bias or reporting slant. The article focuses on entertainment events and historical comparisons without editorializing.

    *   Wait, I need to check if the user text implies any bias. ""It's a tie!"" ""It's a tie."" ""I'm not joking."" This is standard reporting.
    *   Let's adjust the points to ensure they are strictly from the text.
    *   Let's adjust the bias summary to be safe.

    *   Re-checking the Article Summary length: ""2-3 paragraphs"". My draft is one block. I need to split it into 2-3 paragraphs.
    *   Para 1: Introduction and Nanjiani's announcement.
    *   Para 2: Winners details, reactions, and previous history.
    *   Para 3: List of all ties at the end.

    *   Let's ensure `points` are 3-5 factual claims.
    *   BiasSummary: 2-3 sentences on bias.

    *   Ready to format."
